Timestamp,Age,Gender,Ethnicity,"On average, how often do you use Facebook","On average, how often do you use Instagram","On average, how often do you use Snapchat","On average, how often do you use Youtube","On average, how often do you use LinkedIn","On average, how often do you use Reddit","On average, how often do you use X(Formerly Twitter)","On the whole, I am satisfied with myself. ",At times I think I am no good at all. ,I feel that I have a number of good qualities. ,I am able to do things as well as most other people. ,I feel I do not have much to be proud of. ,I certainly feel useless at times. ,I feel that I'm a person of worth. ,I wish I could have more respect for myself,"All in all, I am inclined to think that I am a failure. ",I take a positive attitude toward myself.,On average how much time you use your mobile phone each day(in hrs)
3/5/2024 17:02:32,24,Female,Indian,Not at all,Multiple times a day,Not at all,A few times a week,Multiple times a day,Not at all,Not at all,Disagree,Agree,Agree,Agree,Disagree,Neutral,Neutral,Strongly agree,Disagree,Disagree,
3/5/2024 17:07:26,22,Male,Indian,Not at all,Less than once a month,Not at all,Not at all,A few times a week,Not at all,Not at all,Disagree,Strongly agree,Strongly agree,Neutral,Strongly agree,Strongly agree,Strongly disagree,Strongly agree,Strongly agree,Strongly disagree,
3/5/2024 17:22:16,22,Female,Tirupur,Not at all,Once or twice a month,Not at all,Multiple times a day,A few times a week,Not at all,Not at all,Neutral,Neutral,Neutral,Agree,Neutral,Disagree,Agree,Agree,Disagree,Neutral,
3/5/2024 17:30:03,21,Female,Indian,Not at all,Multiple times a day,Not at all,Multiple times a day,Less than once a month,Not at all,Not at all,Neutral,Agree,Agree,Neutral,Neutral,Agree,Neutral,Agree,Neutral,Agree,
3/5/2024 19:34:50,22,Female,"Indian, malayali ",Not at all,Multiple times a day,Not at all,Multiple times a day,A few times a week,Not at all,Not at all,Neutral,Neutral,Neutral,Neutral,Agree,Agree,Neutral,Disagree,Disagree,Neutral,4-6hrs
3/5/2024 22:36:06,23,Female,Indian ,Not at all,Multiple times a day,Multiple times a day,Multiple times a day,Not at all,Not at all,Not at all,Agree,Disagree,Strongly agree,Agree,Disagree,Strongly disagree,Strongly agree,Neutral,Strongly disagree,Strongly agree,4-6hrs
3/5/2024 22:39:18,21,Female,Asian ,Not at all,Multiple times a day,Less than once a month,Once a week,Not at all,Not at all,Less than once a month,Agree,Neutral,Agree,Agree,Disagree,Neutral,Agree,Neutral,Disagree,Neutral,2-4hrs
3/5/2024 23:26:21,22,Female,Kerala,Not at all,Once a day,Not at all,Once a day,A few times a week,Not at all,Not at all,Neutral,Disagree,Strongly agree,Strongly agree,Strongly agree,Disagree,Agree,Neutral,Strongly disagree,Strongly agree,1-2hrs
3/6/2024 10:20:29,21,Male,indian,Not at all,Multiple times a day,Once a week,Multiple times a day,Less than once a month,Not at all,Not at all,Disagree,Agree,Agree,Neutral,Agree,Agree,Neutral,Agree,Neutral,Neutral,2-4hrs
3/6/2024 10:44:21,21,Female,Kerala,Not at all,Multiple times a day,Not at all,Once a day,Not at all,Not at all,Not at all,Agree,Strongly agree,Agree,Agree,Agree,Agree,Neutral,Agree,Neutral,Strongly agree,2-4hrs
3/8/2024 18:43:57,21,Male,Indian,Not at all,Multiple times a day,Once a day,Multiple times a day,Once a day,Multiple times a day,Less than once a month,Strongly agree,Disagree,Agree,Agree,Agree,Agree,Agree,Agree,Agree,Strongly agree,4-6hrs
3/8/2024 18:47:49,20,Male,student,Once a day,Multiple times a day,A few times a week,A few times a week,Multiple times a day,Once or twice a month,Less than once a month,Strongly disagree,Agree,Neutral,Strongly agree,Strongly disagree,Neutral,Disagree,Strongly disagree,Strongly agree,Strongly agree,2-4hrs
3/8/2024 19:04:11,23,Female,means,Not at all,Multiple times a day,Once a day,Once a day,Less than once a month,Not at all,Once or twice a month,Neutral,Neutral,Disagree,Agree,Agree,Neutral,Agree,Neutral,Disagree,Agree,4-6hrs
3/8/2024 19:04:43,21,Female,Yea,Not at all,Multiple times a day,Multiple times a day,Once a day,Once a day,Not at all,A few times a week,Strongly agree,Disagree,Strongly agree,Disagree,Neutral,Neutral,Strongly agree,Disagree,Disagree,Strongly agree,2-4hrs
3/8/2024 21:03:19,22,Male,Tamilnadu ,Once a day,Once a week,Not at all,Once a day,Once a day,Not at all,Once a day,Agree,Disagree,Neutral,Neutral,Agree,Agree,Agree,Neutral,Neutral,Neutral,4-6hrs
3/10/2024 11:56:22,21,Male,Indian,Not at all,Not at all,Not at all,Multiple times a day,Once a day,Less than once a month,Not at all,Agree,Neutral,Strongly agree,Strongly agree,Agree,Agree,Agree,Disagree,Strongly disagree,Strongly agree,1-2hrs
3/10/2024 12:03:00,21,Female,Indian,Not at all,Multiple times a day,Multiple times a day,Multiple times a day,Once a day,Multiple times a day,Not at all,Neutral,Neutral,Agree,Agree,Neutral,Agree,Agree,Agree,Disagree,Agree,4-6hrs
3/10/2024 12:05:44,21,Male,Tamilian ,Not at all,Not at all,Not at all,Multiple times a day,Once a day,Not at all,Not at all,Agree,Neutral,Strongly agree,Agree,Neutral,Agree,Strongly agree,Disagree,Disagree,Strongly agree,<1hr
3/10/2024 12:22:23,21,Female,Indian,Not at all,Not at all,Not at all,Multiple times a day,Multiple times a day,Not at all,Not at all,Agree,Neutral,Agree,Agree,Disagree,Neutral,Neutral,Agree,Agree,Neutral,4-6hrs
3/10/2024 12:41:55,21,Female,Indian,Not at all,Multiple times a day,Multiple times a day,Multiple times a day,Once or twice a month,Not at all,Not at all,Agree,Agree,Agree,Agree,Agree,Agree,Agree,Neutral,Disagree,Neutral,2-4hrs
3/10/2024 12:55:11,21,Male,Indian ,Not at all,Multiple times a day,Less than once a month,Multiple times a day,Once or twice a month,Not at all,Not at all,Strongly agree,Agree,Agree,Strongly agree,Agree,Agree,Disagree,Agree,Strongly disagree,Agree,4-6hrs
3/10/2024 13:23:32,21,Female,South Indian ,Not at all,Multiple times a day,Not at all,Once a week,Once a week,Not at all,Not at all,Agree,Strongly disagree,Agree,Strongly agree,Disagree,Strongly disagree,Strongly agree,Strongly agree,Strongly disagree,Agree,2-4hrs
3/10/2024 14:11:23,22,Male,Datascience,Not at all,Multiple times a day,Multiple times a day,Multiple times a day,Multiple times a day,Not at all,Not at all,Neutral,Disagree,Agree,Neutral,Disagree,Disagree,Agree,Agree,Disagree,Agree,2-4hrs
3/10/2024 14:33:14,21,Male,tamilnadu,Not at all,Multiple times a day,Multiple times a day,Multiple times a day,A few times a week,Less than once a month,Once a day,Neutral,Strongly agree,Strongly agree,Agree,Agree,Agree,Strongly agree,Strongly agree,Agree,Strongly agree,>6hrs
3/10/2024 14:35:37,22,Female,      ,Not at all,Multiple times a day,Once a day,A few times a week,Once a day,Less than once a month,Not at all,Neutral,Neutral,Agree,Neutral,Neutral,Disagree,Agree,Agree,Neutral,Strongly agree,4-6hrs
3/10/2024 14:36:04,22,Female,Indian,Not at all,Multiple times a day,Not at all,A few times a week,Not at all,Not at all,Not at all,Agree,Agree,Agree,Neutral,Agree,Neutral,Neutral,Neutral,Neutral,Neutral,2-4hrs
3/10/2024 15:01:29,21,Male,Indian,Less than once a month,Multiple times a day,Not at all,A few times a week,A few times a week,Not at all,Not at all,Agree,Agree,Agree,Agree,Agree,Disagree,Neutral,Neutral,Neutral,Neutral,2-4hrs
3/10/2024 15:07:26,21,Male,Indian ,Not at all,Multiple times a day,Once or twice a month,Multiple times a day,Once a day,Not at all,Not at all,Neutral,Agree,Strongly agree,Agree,Disagree,Agree,Strongly agree,Agree,Disagree,Agree,>6hrs
3/10/2024 17:30:04,21,Female,Indian,Less than once a month,Multiple times a day,Once or twice a month,A few times a week,Multiple times a day,Once or twice a month,Not at all,Neutral,Strongly agree,Strongly agree,Strongly agree,Strongly agree,Strongly agree,Disagree,Neutral,Agree,Neutral,>6hrs
3/10/2024 17:57:54,23,Male,Asian ,Not at all,Multiple times a day,Once a day,Once a day,Not at all,Not at all,Not at all,Neutral,Disagree,Agree,Agree,Disagree,Neutral,Strongly agree,Disagree,Strongly disagree,Strongly agree,2-4hrs
3/10/2024 19:00:34,21,Male,"Not traditional, not modern... intermediate",Not at all,Multiple times a day,Multiple times a day,Multiple times a day,A few times a week,Not at all,Once a day,Neutral,Neutral,Agree,Agree,Neutral,Neutral,Agree,Neutral,Disagree,Agree,2-4hrs
3/10/2024 22:32:29,22,Female,Indian,Less than once a month,Multiple times a day,Once or twice a month,Multiple times a day,Once a week,Less than once a month,Not at all,Disagree,Agree,Disagree,Strongly disagree,Agree,Agree,Disagree,Agree,Agree,Disagree,2-4hrs
3/10/2024 22:34:39,22,Female,Indian,Once or twice a month,Multiple times a day,A few times a week,Once a day,A few times a week,Not at all,Not at all,Neutral,Disagree,Agree,Agree,Disagree,Agree,Agree,Agree,Disagree,Neutral,2-4hrs